{"X1":0.6655429283,"X2":0.2692503462,"S1":2.5439695606,"S2":5.4139394292,"Z":0.0361355643,"C":126.7981921845}