{"k_dis": 0.2330942361, "k_hyd_ch": 5.1884510034, "k_hyd_pr": 11.862257093, "k_hyd_li": 2.3954399729, "k_m_su": 47.6800988465, "k_m_aa": 48.6712081147, "k_m_fa": 4.4672384823, "k_m_c4": 17.6388412513, "k_m_pro": 9.9099126763, "k_m_ac": 10.2388398055, "k_m_h2": 28.7449967078, "k_dec": 0.0145172522, "K_S_IN": 9.46499e-05, "K_S_su": 0.2927338644, "K_S_aa": 0.2868176021, "K_S_fa": 0.5785813938, "K_S_c4": 0.3986741179, "K_S_pro": 0.0648287732, "K_S_ac": 0.2432710071, "K_S_h2": 6.1193e-06, "K_I_h2_fa": 5.6027e-06, "K_I_h2_c4": 1.1058e-05, "K_I_h2_pro": 3.3734e-06, "K_I_nh3": 0.002051131, "pH_LL_aa": 4.4286690254, "pH_LL_ac": 4.7561496382, "pH_LL_h2": 6.0512303869, "pH_UL_h2": 7.657572222900001, "pH_UL_aa": 5.789376560799999, "pH_UL_ac": 5.7576529899}