n_samples,44.0
p0,1.0
p1,2.0
p2,3.0
a0,1.3362151436243843
a1,1.165753327766959
a2,0.9599847149841352
