n_samples,42.0
p0,1.0
p1,2.0
p2,3.0
a0,1.1147146762763036
a1,0.8562131171793551
a2,0.5291238693057758
